"name","death_date","description","pageviews","llm_knows_death","llm_response"
"Kobe Bryant","2020-01-26","basketball player (Los Angeles Lakers)","26546174","True","No"
"Qasem Soleimani","2020-01-03","Iranian major general","4706438","True","No"
"Neil Peart","2020-01-07","Canadian Hall of Fame drummer (Rush) and lyricist (""The Spirit of Radio"", ""Tom Sawyer"")","1595212","True","No"
"Rocky Johnson","2020-01-15","Canadian Hall of Fame professional wrestler (WWF, Big Time Wrestling, CWF) and trainer","1027267","True","No"
"John Altobelli","2020-01-26","baseball coach (Orange Coast College)","985365","True","No"
"Terry Jones","2020-01-21","Welsh comic actor","871181","True","No"
"David Stern","2020-01-01","American sports executive and lawyer","615195","True","No"
"Kirk Douglas","2020-02-05","American actor (''Spartacus'', ''Paths of Glory'', ''Seven Days in May'')","3405439","True","No"
"Caroline Flack","2020-02-15","English television and radio presenter (''The X Factor'', ''Love Island'', ''I'm a Celebrity: Extra Camp'')","3369913","True","No"
"Pop Smoke","2020-02-19","American rapper (""Welcome to the Party"", ""Dior"")","1841576","True","No"
"Li Wenliang","2020-02-07","Chinese ophthalmologist and whistleblower","1095811","True","No"
"Katherine Johnson","2020-02-24","American mathematician (NASA)","834839","True","No"
"Orson Bean","2020-02-07","American actor (''Dr. Quinn, Medicine Woman'', ''Being John Malkovich'') and game show panelist (''To Tell the Truth'')","805353","True","No"
"Robert Conrad","2020-02-08","American actor (''Hawaiian Eye'', ''The Wild Wild West'', ''Baa Baa Black Sheep'')","748741","True","No"
"Kenny Rogers","2020-03-20","American Hall of Fame singer (""The Gambler"", ""Just Dropped In"", ""Islands in the Stream"")","3320637","True","No"
"Bill Withers","2020-03-30","American Hall of Fame singer-songwriter (""Lean on Me"", ""Ain't No Sunshine"", ""Lovely Day"")","1484844","True","No"
"Joe Diffie","2020-03-29","American country singer-songwriter (""Home"", ""Third Rock from the Sun"", ""Pickup Man"")","1386978","True","No"
"Mark Blum","2020-03-25","American actor (''Crocodile Dundee'', ''Mozart in the Jungle'', ''Desperately Seeking Susan'')","1191350","True","No"
"Max von Sydow","2020-03-08","Swedish-born French actor (''The Seventh Seal'', ''The Exorcist'', ''Pelle the Conqueror'')","989595","True","No"
"Irrfan Khan","2020-04-29","Indian actor (''Slumdog Millionaire'', ''Life of Pi'', ''The Lunchbox'')","7154079","True","No"
"Rishi Kapoor","2020-04-30","Indian actor (''Bobby'', ''Do Dooni Chaar'', ''Kapoor & Sons'')","4055779","True","No"
"John Prine","2020-04-07","American singer-songwriter (""Sam Stone"", ""Angel from Montgomery"")","1832000","True","No"
"Brian Dennehy","2020-04-15","American actor (''First Blood'', ''Death of a Salesman'', ''Silverado'')","1582242","True","No"
"Adam Schlesinger","2020-04-01","American musician (Fountains of Wayne, Ivy) and songwriter (""That Thing You Do"")","1111013","True","No"
"Sam Lloyd","2020-04-30","American actor (''Scrubs'', ''Galaxy Quest'') and musician (The Blanks)","697762","True","No"
"Honor Blackman","2020-04-05","English actress (''The Avengers'', ''Goldfinger'', ''Jason and the Argonauts'')","681331","True","No"
"Gene Deitch","2020-04-16","American-born Czech illustrator","533824","True","No"
"George Floyd","2020-05-25","American police detainee","4217714","True","No"
"Little Richard","2020-05-09","American Hall of Fame rock and roll singer (""Tutti Frutti"", ""Long Tall Sally"", ""Lucille"")","2856399","True","No"
"Fred Willard","2020-05-15","American actor (''Best in Show'', ''Fernwood 2 Night'', ''Modern Family'') and comedian","2372634","True","No"
"Jerry Stiller","2020-05-11","American actor (''Seinfeld'', ''The King of Queens'') and comedian (Stiller and Meara)","1913353","True","No"
"Shad Gaspard","2020-05-17","American professional wrestler (WWE) and actor (''Get Hard'', ''From Dusk till Dawn: The Series'')","1264465","True","No"
"Hana Kimura","2020-05-23","Japanese professional wrestler (Stardom, Wrestle-1) and reality TV personality (''Terrace House: Tokyo 2019–2020'')","935155","True","No"
"Ravi Zacharias","2020-05-19","Indian-born Canadian-American Christian apologist","848041","True","No"
"Lynn Shelton","2020-05-16","American film and television director (''Humpday'', ''Your Sister's Sister'', ''Fresh Off the Boat'')","820039","True","No"
"Phyllis George","2020-05-14","American sportscaster (''The NFL Today'')","613389","True","No"
"Don Shula","2020-05-04","American Hall of Fame football player (Cleveland Browns, Baltimore Colts) and coach (Miami Dolphins)","578601","True","No"
"Ken Osmond","2020-05-18","American actor (''Leave It to Beaver'', ''The New Leave It to Beaver'') and police officer (Los Angeles Police Department)","559792","True","No"
"Jerry Sloan","2020-05-22","American basketball player (Chicago Bulls) and Hall of Fame coach (Utah Jazz)","533616","True","No"
"Andre Harrell","2020-05-07","American record producer","523051","True","No"
"Sushant Singh Rajput","2020-06-14","Indian actor (''M.S. Dhoni: The Untold Story'', ''Chhichhore'', ''Detective Byomkesh Bakshy!'')","15894919","True","No"
"Chiranjeevi Sarja","2020-06-07","Indian actor (''Vayuputra'', ''Varadhanayaka'', ''Aatagara'')","2047285","True","No"
"Carl Reiner","2020-06-29","American actor","1342630","True","No"
"Sir Ian Holm","2020-06-19","English actor (''Alien'', ''Chariots of Fire'', ''The Lord of the Rings'')","1110899","True","No"
"Dame Vera Lynn","2020-06-18","British singer (""We'll Meet Again"", ""The White Cliffs of Dover"")","894296","True","No"
"Steve Bing","2020-06-22","American entertainment executive (Shangri-La Entertainment)","739947","True","No"
"Joel Schumacher","2020-06-22","American film director (''The Lost Boys'', ''Falling Down'', ''Batman Forever'')","523862","True","No"
"Naya Rivera","2020-07-08","American actress (''Glee'', ''The Royal Family'', ''Step Up'')","8697902","True","No"
"Kelly Preston","2020-07-12","American actress (''Jerry Maguire'', ''Twins'', ''Sky High'')","4540883","True","No"
"Regis Philbin","2020-07-24","American entertainer and television personality (''The Joey Bishop Show'', ''Live with Regis and Kathie Lee'', ''Who Wants to Be a Millionaire'')","2739686","True","No"
"Grant Imahara","2020-07-13","American electrical engineer (''Star Wars'', ''The Matrix'') and television personality (''MythBusters'')","2308759","True","No"
"Dame Olivia de Havilland","2020-07-26","French-British-American actress (''Gone with the Wind'', ''The Adventures of Robin Hood'', ''To Each His Own'')","1776354","True","No"
"Nick Cordero","2020-07-05","Canadian actor and singer (''Bullets Over Broadway'', ''A Bronx Tale'', ''Waitress'')","1759681","True","No"
"Herman Cain","2020-07-30","American food executive (Godfather's Pizza, Pillsbury Company) and politician","1734182","True","No"
"Haruma Miura","2020-07-18","Japanese actor (''Koizora'', ''Kimi ni Todoke'', ''Attack on Titan'') and singer","1287657","True","No"
"Mary Kay Letourneau","2020-07-06","American teacher and convicted rapist","1278739","True","No"
"Saroj Khan","2020-07-03","Indian choreographer (''Mr. India'', ''Nagina'', ''Chandni'')","1162762","True","No"
"Reckful","2020-07-02","Israeli-American Twitch streamer","1140703","True","No"
"Charlie Daniels","2020-07-06","American Hall of Fame country singer-songwriter and musician (""The Devil Went Down to Georgia"", ""Uneasy Rider"")","1070412","True","No"
"Vikas Dubey","2020-07-10","Indian gangster and convicted murderer","928161","True","No"
"Ennio Morricone","2020-07-06","Italian film composer (''The Good, the Bad and the Ugly'', ''Once Upon a Time in the West'', ''The Hateful Eight'')","892364","True","No"
"Jack Charlton","2020-07-10","English football player (Leeds United, national team) and manager (Republic of Ireland national team)","879945","True","No"
"Peter Green","2020-07-25","English Hall of Fame blues rock singer-songwriter (""Black Magic Woman"") and guitarist (Fleetwood Mac, Peter Green Splinter Group)","697599","True","No"
"John Saxon","2020-07-25","American actor (''A Nightmare on Elm Street'', ''Enter the Dragon'', ''Joe Kidd'')","570020","True","No"
"Jagdeep","2020-07-08","Indian actor (''Sholay'', ''Purana Mandir'', ''Andaz Apna Apna'') and comedian","544052","True","No"
"Daniel Lewis Lee","2020-07-14","American white supremacist and convicted triple murderer","539802","True","No"
"Chadwick Boseman","2020-08-28","American actor (''Black Panther'', ''42'', ''Marshall'')","15469840","True","No"
"Wilford Brimley","2020-08-01","American actor (''The Natural'', ''The Thing'', ''Cocoon'') and singer","1084154","True","No"
"Pranab Mukherjee","2020-08-31","Indian politician","1081256","True","No"
"Robert Trump","2020-08-15","American business executive (The Trump Organization)","757414","True","No"
"Chi Chi DeVayne","2020-08-20","American drag queen (''RuPaul's Drag Race'')","641727","True","No"
"Tom Seaver","2020-08-31","American Hall of Fame baseball player (New York Mets, Cincinnati Reds, Chicago White Sox)","590761","True","No"
"Clifford Robinson","2020-08-29","American basketball player (Portland Trail Blazers, Phoenix Suns) and reality television personality (''Survivor: Cagayan'')","560737","True","No"
"Rahat Indori","2020-08-11","Indian lyricist (''Khuddar'', ''Mission Kashmir'', ''Meenaxi: A Tale of Three Cities'') and poet","523345","True","No"
"Justin Townes Earle","2020-08-20","American singer-songwriter","519538","True","No"
"Samir Sharma","2020-08-05","Indian actor (''Kahaani Ghar Ghar Kii'', ''Yeh Rishtey Hain Pyaar Ke'', ''Hasee Toh Phasee'')","502763","True","No"
"Ruth Bader Ginsburg","2020-09-18","American jurist","8870766","True","No"
"S. P. Balasubrahmanyam","2020-09-25","Indian playback singer (""Didi Tera Devar Deewana"") and actor (''Maya'', ''Mayabazar'')","2660128","True","No"
"Helen Reddy","2020-09-29","Australian-American singer (""I Am Woman"", ""Delta Dawn"") and actress (''Pete's Dragon'')","1619294","True","No"
"Dame Diana Rigg","2020-09-10","English actress (''The Avengers'', ''On Her Majesty's Secret Service'', ''Game of Thrones'')","1513045","True","No"
"Mac Davis","2020-09-29","American singer-songwriter (""Baby, Don't Get Hooked on Me"", ""It's Hard to Be Humble"") and actor (''North Dallas Forty'')","719144","True","No"
"Gale Sayers","2020-09-23","American Hall of Fame football player (Chicago Bears) and administrator (Southern Illinois)","591742","True","No"
"Road Warrior Animal","2020-09-22","American Hall of Fame professional wrestler (NWA, WWF, AJPW)","563307","True","No"
"Sir Sean Connery","2020-10-31","Scottish actor (''Dr. No'', ''The Untouchables'', ''Indiana Jones and the Last Crusade'')","6702361","True","No"
"Eddie Van Halen","2020-10-06","Dutch-born American Hall of Fame musician (Van Halen) and songwriter (""Eruption"", ""Panama"")","4815257","True","No"
"Conchata Ferrell","2020-10-12","American actress (''Two and a Half Men'', ''Edward Scissorhands'', ''Network'')","1039729","True","No"
"Ram Vilas Paswan","2020-10-08","Indian politician","835048","True","No"
"Diego Maradona","2020-11-25","Argentine footballer (Barcelona, Napoli, national team)","7087341","True","No"
"Alex Trebek","2020-11-08","Canadian-American game show host (''Jeopardy!'', ''High Rollers'', ''Classic Concentration'')","3368729","True","No"
"Peter Sutcliffe","2020-11-13","English serial killer","3068527","True","No"
"King Von","2020-11-06","American rapper","2343333","True","No"
"Tony Hsieh","2020-11-27","American internet entrepreneur (Zappos)","1003147","True","No"
"Des O'Connor","2020-11-14","English television presenter (''The Des O'Connor Show'', ''Des O'Connor Tonight'')","815670","True","No"
"Asif Basra","2020-11-12","Indian actor (''Outsourced'', ''One Night with the King'', ''Once Upon a Time in Mumbaai'')","781435","True","No"
"David Prowse","2020-11-28","English actor (''Star Wars'', ''A Clockwork Orange'', ''Jabberwocky'') and bodybuilder","631253","True","No"
"Papa Bouba Diop","2020-11-29","Senegalese footballer (Fulham, Portsmouth, national team)","555499","True","No"
"Brodie Lee","2020-12-26","American professional wrestler (AEW, WWE, ROH)","1601414","True","No"
"Dawn Wells","2020-12-30","American actress (''Gilligan's Island'', ''The Town That Dreaded Sundown'', ''Return to Boggy Creek'')","1118416","True","No"
"Dame Barbara Windsor","2020-12-10","English actress (''EastEnders'', ''Carry On'', ''Chitty Chitty Bang Bang'')","1074573","True","No"
"Chuck Yeager","2020-12-07","American Hall of Fame pilot","912981","True","No"
"Charley Pride","2020-12-12","American Hall of Fame singer (""Kiss an Angel Good Mornin'"", ""Is Anybody Goin' to San Antone"") and baseball player (Memphis Red Sox)","845426","True","No"
"Stella Tennant","2020-12-22","British model","834480","True","No"
"John le Carré","2020-12-12","British-Irish author (''Tinker Tailor Soldier Spy'', ''The Night Manager'', ''The Little Drummer Girl'')","697387","True","No"
"Samuel Little","2020-12-30","American serial killer","669850","True","No"
"Alexi Laiho","2020-12-29","Finnish death metal singer-songwriter and guitarist (Children of Bodom, Sinergy, The Local Band)","649366","True","No"
"V. J. Chitra","2020-12-09","Indian actress (''Mannan Magal'', ''Chinna Papa Periya Papa'', ''Darling Darling'')","632205","True","No"
"Paolo Rossi","2020-12-09","Italian footballer (Lanerossi Vicenza, Juventus, national team)","522970","True","No"
"Larry King","2021-01-23","American Hall of Fame broadcaster (''Larry King Live'', ''Larry King Now'', ''Politicking with Larry King'')","3136078","True","No"
"Cicely Tyson","2021-01-28","American Hall of Fame actress (''Sounder'', ''The Autobiography of Miss Jane Pittman'', ''The Trip to Bountiful'')","2990655","True","No"
"Tanya Roberts","2021-01-04","American actress (''A View to a Kill'', ''That '70s Show'', ''Charlie's Angels'')","2294170","True","No"
"Phil Spector","2021-01-16","American Hall of Fame record producer (Wall of Sound)","2127386","True","No"
"Sophie","2021-01-30","Scottish singer-songwriter (""Bipp"", ""Lemonade"") and record producer","1841833","True","No"
"Cloris Leachman","2021-01-27","American Hall of Fame actress (''The Mary Tyler Moore Show'', ''The Last Picture Show'', ''Young Frankenstein'')","1492941","True","No"
"Hank Aaron","2021-01-22","American Hall of Fame baseball player (Milwaukee/Atlanta Braves, Milwaukee Brewers, Indianapolis Clowns) and civil rights activist","1475198","True","No"
"Hal Holbrook","2021-01-23","American actor (''Mark Twain Tonight!'', ''All the President's Men'', ''Into the Wild'')","564749","True","No"
"Sheldon Adelson","2021-01-11","American casino owner","539005","True","No"
"Tommy Lasorda","2021-01-07","American Hall of Fame baseball manager (Los Angeles Dodgers) and player (Brooklyn Dodgers, Kansas City Athletics)","506833","True","No"
"Rush Limbaugh","2021-02-17","American Hall of Fame radio host (''The Rush Limbaugh Show'')","2782681","True","No"
"Christopher Plummer","2021-02-05","Canadian actor (''The Sound of Music'', ''Beginners'', ''All the Money in the World'')","2504176","True","No"
"Dustin Diamond","2021-02-01","American actor (''Saved by the Bell'', ''Purple People Eater'', ''Good Morning, Miss Bliss'') and comedian","2466149","True","No"
"Rajiv Kapoor","2021-02-09","Indian actor (''Ram Teri Ganga Maili'', ''Aasmaan'', ''Hum To Chale Pardes'')","1288248","True","No"
"Vincent Jackson","2021-02-15","American football player (San Diego Chargers, Tampa Bay Buccaneers)","825721","True","No"
"Chick Corea","2021-02-09","American jazz keyboardist (Return to Forever) and songwriter (""Spain"", ""500 Miles High"")","654312","True","No"
"Larry Flynt","2021-02-10","American publisher (''Hustler'')","608877","True","No"
"Mary Wilson","2021-02-08","American Hall of Fame singer (The Supremes)","579010","True","No"
"Sabine Schmitz","2021-03-16","German motor racer (Münnich Motorsport) and television presenter (''Top Gear'')","1317982","True","No"
"Jessica Walter","2021-03-24","American actress (''Arrested Development'', ''Archer'', ''Play Misty for Me'')","1301828","True","No"
"George Segal","2021-03-23","American actor (''Who's Afraid of Virginia Woolf?'', ''The Goldbergs'', ''A Touch of Class'')","1127428","True","No"
"Marvelous Marvin Hagler","2021-03-13","American Hall of Fame boxer","1053620","True","No"
"John Magufuli","2021-03-17","Tanzanian politician","656846","True","No"
"Beverly Cleary","2021-03-25","American children's author (''The Mouse and the Motorcycle'', ''Ramona'', ''Dear Mr. Henshaw'')","636010","True","No"
"Prince Philip, Duke of Edinburgh","2021-04-09","Greek-born British royal consort of Queen Elizabeth II (since 1952)","10262196","True","No"
"Helen McCrory","2021-04-16","English actress (''Peaky Blinders'', ''Harry Potter'', ''The Queen'')","3944553","True","No"
"Vivek","2021-04-17","Indian actor (''Run'', ''Saamy'', ''Parthiban Kanavu'') and comedian","1682423","True","No"
"Rohit Sardana","2021-04-30","Indian journalist (Zee News, Aaj Tak)","1474028","True","No"
"Bernie Madoff","2021-04-14","American investment advisor","1369948","True","No"
"Shock G","2021-04-22","American rapper (Digital Underground) and songwriter (""The Humpty Dance"", ""I Get Around"")","924133","True","No"
"Phillip Adams","2021-04-08","American football player (Seattle Seahawks, Oakland Raiders, New York Jets) and mass murderer (2021 Rock Hill shooting)","858617","True","No"
"Nikki Grahame","2021-04-09","English television personality (''Big Brother'', ''Princess Nikki'', ''Big Brother Canada'')","771619","True","No"
"Walter Mondale","2021-04-19","American politician","750997","True","No"
"Michael Collins","2021-04-28","American astronaut (Apollo 11)","629563","True","No"
"El Risitas","2021-04-28","Spanish comedian","536991","True","No"
"Tawny Kitaen","2021-05-07","American actress (''The Perils of Gwendoline in the Land of the Yik-Yak'', ''Bachelor Party'', ''Witchboard'')","1280018","True","No"
"Kentaro Miura","2021-05-06","Japanese manga artist (''Berserk'', ''Japan'', ''King of Wolves'')","990887","True","No"
"Charles Grodin","2021-05-18","American actor (''The Heartbreak Kid'', ''Midnight Run'', ''Beethoven'') and comedian","859306","True","No"
"Olympia Dukakis","2021-05-01","American actress (''Moonstruck'', ''Steel Magnolias'', ''Tales of the City'')","783013","True","No"
"Joe Lara","2021-05-29","American actor (''American Cyborg: Steel Warrior'', ''Steel Frontier'', ''Tarzan: The Epic Adventures'')","612190","True","No"
"Nick Kamen","2021-05-04","English model","598407","True","No"
"Gwen Shamblin Lara","2021-05-29","writer and dietician (Christian diet programs)","567423","True","No"
"Paul Mooney","2021-05-19","American actor (''The Buddy Holly Story'', ''Bamboozled'')","561506","True","No"
"B. J. Thomas","2021-05-29","American singer (""Raindrops Keep Fallin' on My Head"", ""Another Somebody Done Somebody Wrong Song"", ""Hooked on a Feeling"")","538282","True","No"
"Colt Brennan","2021-05-11","American football player (Hawaii Rainbow Warriors, Washington Redskins)","508066","True","No"
"John McAfee","2021-06-23","British-American computer programmer and businessman (McAfee Associates)","2992906","True","No"
"Milkha Singh","2021-06-18","Indian Olympic sprinter (1956, 1960, 1964) and writer (''The Race of My Life'')","1668145","True","No"
"Donald Rumsfeld","2021-06-29","American politician","874569","True","No"
"Raj Kaushal","2021-06-30","Indian film director (''Anthony Kaun Hai?'', ''Shaadi Ka Laddoo'', ''Pyaar Mein Kabhi Kabhi'') and producer","836263","True","No"
"Ned Beatty","2021-06-13","American actor (''Network'', ''Deliverance'', ''Superman'')","668524","True","No"
"Benigno Aquino III","2021-06-24","Filipino politician","605210","True","No"
"Dilip Kumar","2021-07-07","Indian actor (''Andaz'', ''Daag'', ''Qila'')","3077649","True","No"
"Joey Jordison","2021-07-26","American musician (Slipknot, Murderdolls, Sinsaenum)","1635677","True","No"
"Dusty Hill","2021-07-28","American Hall of Fame musician (ZZ Top) and songwriter (""Tush"")","1352332","True","No"
"Jovenel Moïse","2021-07-07","Haitian politician and entrepreneur","1150082","True","No"
"Biz Markie","2021-07-16","American rapper (""Just a Friend"") and actor (''Men in Black II'', ''Yo Gabba Gabba!'')","1135565","True","No"
"Charlie Watts","2021-08-24","English Hall of Fame drummer (The Rolling Stones, Blues Incorporated)","2005239","True","No"
"Sean Lock","2021-08-16","English comedian (''15 Storeys High'', ''8 Out of 10 Cats'', ''8 Out of 10 Cats Does Countdown'')","1949327","True","No"
"Ed Asner","2021-08-29","American actor (''The Mary Tyler Moore Show'', ''Lou Grant'', ''Up'')","1375925","True","No"
"Trevor Moore","2021-08-07","American comedian (''The Whitest Kids U' Know'') and actor (''Miss March'')","1337261","True","No"
"Markie Post","2021-08-07","American actress (''Night Court'', ''The Fall Guy'', ''Hearts Afire'')","860078","True","No"
"Una Stubbs","2021-08-12","English actress (''Till Death Us Do Part'', ''Worzel Gummidge'', ''Sherlock'')","660747","True","No"
"Jimmy Hayes","2021-08-23","American ice hockey player (Boston Bruins, Florida Panthers, Chicago Blackhawks)","549829","True","No"
"Nanci Griffith","2021-08-13","American singer-songwriter (""Love at the Five and Dime"", ""Outbound Plane"")","535038","True","No"
"Norm Macdonald","2021-09-14","Canadian comedian","4358442","True","No"
"Sidharth Shukla","2021-09-02","Indian actor (''Broken But Beautiful'', ''Balika Vadhu'', ''Dil Se Dil Tak'') and reality show contestant","3794633","True","No"
"Michael K. Williams","2021-09-06","American actor (''The Wire'', ''Boardwalk Empire'', ''12 Years a Slave'')","3276276","True","No"
"Willie Garson","2021-09-21","American actor (''Sex and the City'', ''White Collar'', ''John from Cincinnati'')","1646480","True","No"
"Sarah Harding","2021-09-05","English singer (Girls Aloud) and actress (''Run for Your Wife'', ''St Trinian's 2: The Legend of Fritton's Gold'')","1211551","True","No"
"Jimmy Greaves","2021-09-19","English Hall of Fame footballer (Chelsea, Tottenham Hotspur, national team)","755669","True","No"
"Jean-Paul Belmondo","2021-09-06","French actor (''Breathless'', ''That Man from Rio'', ''Pierrot le Fou'')","628900","True","No"
"Puneeth Rajkumar","2021-10-29","Indian actor (''Appu'', ''Abhi'', ''Maurya'')","5029321","True","No"
"Colin Powell","2021-10-18","American general and politician","2878969","True","No"
"Sir David Amess","2021-10-15","British politician","1396473","True","No"
"Halyna Hutchins","2021-10-21","Ukrainian-American cinematographer (''Archenemy'', ''Darlin''', ''Rust'')","1176699","True","No"
"James Michael Tyler","2021-10-24","American actor (''Friends'', ''Motel Blue'')","654739","True","No"
"Peter Scolari","2021-10-22","American actor (''Newhart'', ''Bosom Buddies'', ''Girls'')","597013","True","No"
"Alpo Martinez","2021-10-31","American drug dealer","585232","True","No"
"Octavio Ocaña","2021-10-29","Mexican actor (''Vecinos'', ''Lola: Once Upon a Time'', ''La mexicana y el güero'')","553535","True","No"
"Virgil Abloh","2021-11-28","American fashion designer","2087758","True","No"
"Stephen Sondheim","2021-11-26","American composer and lyricist (''West Side Story'', ''Company'', ''Sweeney Todd'')","2036460","True","No"
"Young Dolph","2021-11-17","American rapper","1674826","True","No"
"Dean Stockwell","2021-11-07","American actor (''Quantum Leap'', ''Married to the Mob'', ''Paris, Texas'')","592456","True","No"
"Betty White","2021-12-31","American actress (''The Golden Girls'', ''The Mary Tyler Moore Show'', ''Hot in Cleveland'') and comedian","9930363","True","No"
"Bipin Rawat","2021-12-08","chairman of the Chiefs of Staff Committee (2019)","3730576","True","No"
"John Madden","2021-12-28","American Hall of Fame football coach (Oakland Raiders) and sportscaster (''NFL on CBS'', ''NFL on Fox'')","2687932","True","No"
"Demaryius Thomas","2021-12-09","American football player (Denver Broncos, New York Jets, Houston Texans)","1581430","True","No"
"Bob Dole","2021-12-05","American politician","1462108","True","No"
"Desmond Tutu","2021-12-26","South African Anglican prelate and civil rights activist","1113856","True","No"
"Michael Nesmith","2021-12-10","American musician (The Monkees) and songwriter (""Different Drum"", ""Joanne"")","968635","True","No"
"Joan Didion","2021-12-23","American writer (''Run, River'', ''Slouching Towards Bethlehem'', ''The Year of Magical Thinking'')","794758","True","No"
"Vicente Fernández","2021-12-12","Mexican singer (""La Derrota"", ""Estos Celos"", ""El Último Beso"") and actor","725542","True","No"
"Harry Reid","2021-12-28","American politician","657962","True","No"
"Anne Rice","2021-12-11","American author (''The Vampire Chronicles'', ''Lives of the Mayfair Witches'')","575770","True","No"
"Bob Saget","2022-01-09","American comedian","7537776","True","No"
"Meat Loaf","2022-01-20","American singer (""Two Out of Three Ain't Bad"", ""I'd Do Anything for Love"") and actor (''The Rocky Horror Picture Show'')","4278161","True","No"
"Sidney Poitier","2022-01-06","Bahamian-American actor (''In the Heat of the Night'', ''Lilies of the Field'', ''Guess Who's Coming to Dinner'')","3026353","True","No"
"Louie Anderson","2022-01-21","American comedian","1276601","True","No"
"Cheslie Kryst","2022-01-30","American television presenter (''Extra'') and beauty queen (Miss USA 2019)","1213193","True","No"
"Gaspard Ulliel","2022-01-19","French actor (''Hannibal Rising'', ''Saint Laurent'', ''It's Only the End of the World'')","1107703","True","No"
"Ronnie Spector","2022-01-12","American Hall of Fame singer (The Ronettes)","1093635","True","No"
"Robert Durst","2022-01-10","American convicted murderer","708639","True","No"
"Peter Bogdanovich","2022-01-06","American film director (''The Last Picture Show'', ''What's Up, Doc?'', ''Paper Moon'')","644652","True","No"
"Kim Mi-soo","2022-01-05","South Korean actress (''Hi Bye, Mama!'', ''The School Nurse Files'', ''Snowdrop'')","560405","True","No"
"André Leon Talley","2022-01-18","American fashion journalist (''Vogue'')","560006","True","No"
"Thierry Mugler","2022-01-23","French fashion designer","550120","True","No"
"Lata Mangeshkar","2022-02-06","Indian playback singer (''Parichay'', ''Kora Kagaz'', ''Lekin...'')","4088306","True","No"
"Bappi Lahiri","2022-02-15","Indian singer","1076283","True","No"
"Jamal Edwards","2022-02-20","British entrepreneur","1040107","True","No"
"Mark Lanegan","2022-02-22","American musician (Screaming Trees, The Gutter Twins) and singer-songwriter (""Nearly Lost You"")","1020337","True","No"
"Ivan Reitman","2022-02-12","Czechoslovak-born Canadian film director (''Ghostbusters'', ''Meatballs'', ''Kindergarten Cop'') and producer","580566","True","No"
"Sally Kellerman","2022-02-24","American actress (''M*A*S*H'', ''Back to School'', ''Brewster McCloud'')","570102","True","No"
"Deep Sidhu","2022-02-15","Indian barrister","511378","True","No"
"Taylor Hawkins","2022-03-25","American Hall of Fame musician (Foo Fighters, Taylor Hawkins and the Coattail Riders, The Birds of Satan)","4718598","True","No"
"Shane Warne","2022-03-04","Australian Hall of Fame cricketer (Victoria, Hampshire, national team)","3257523","True","No"
"William Hurt","2022-03-13","American actor (''Kiss of the Spider Woman'', ''Broadcast News'', ''The Incredible Hulk'')","2563383","True","No"
"Scott Hall","2022-03-14","American Hall of Fame professional wrestler (WWF, WCW, TNA)","2005204","True","No"
"Madeleine Albright","2022-03-23","Czechoslovakian-born American politician","1443291","True","No"
"Tom Parker","2022-03-30","English pop singer (The Wanted)","896343","True","No"
"Naomi Judd","2022-04-30","American Hall of Fame country singer (The Judds) and songwriter (""Change of Heart"", ""Love Can Build a Bridge"")","3047662","True","No"
"Gilbert Gottfried","2022-04-12","American comedian","2943955","True","No"
"Dwayne Haskins","2022-04-09","American football player (Washington Redskins/Football Team, Pittsburgh Steelers)","1505543","True","No"
"Ray Liotta","2022-05-26","American actor (''Goodfellas'', ''Something Wild'', ''Field of Dreams'')","5193729","True","No"
"Sidhu Moose Wala","2022-05-29","Indian singer (""47"")","4153648","True","No"
"Andrew Symonds","2022-05-14","Australian cricketer (Queensland, Kent, national team)","968955","True","No"
"Fred Ward","2022-05-08","American actor (''Escape from Alcatraz'', ''The Right Stuff'', ''Tremors'')","955928","True","No"
"Andy Fletcher","2022-05-26","English Hall of Fame keyboardist (Depeche Mode)","890726","True","No"
"Dennis Waterman","2022-05-08","English actor (''Minder'', ''The Sweeney'', ''New Tricks'') and singer","765858","True","No"
"Vangelis","2022-05-17","Greek musician (Aphrodite's Child) and film composer (''Chariots of Fire'', ''Blade Runner'')","601650","True","No"
"Shireen Abu Akleh","2022-05-11","Palestinian-American journalist (Al Jazeera)","586493","True","No"
"Lil Keed","2022-05-13","American rapper (""Nameless"")","556787","True","No"
"Technoblade","2022-06-10","Internet Media Personality","1207844","True","No"
"Technoblade","2022-06-30","American YouTuber","1207844","True","No"
"Marion Barber III","2022-06-01","American football player (Dallas Cowboys, Chicago Bears)","607103","True","No"
"Tony Siragusa","2022-06-22","American football player (Indianapolis Colts, Baltimore Ravens)","590907","True","No"
"Billy Kametz","2022-06-09","American voice actor (''JoJo's Bizarre Adventure'', ''Pokémon'', ''Attack on Titan'')","551504","True","No"
"Caleb Swanigan","2022-06-20","American basketball player (Purdue Boilermakers, Portland Trail Blazers, Sacramento Kings)","541165","True","No"
"Mary Mara","2022-06-26","American actress (''Nash Bridges'', ''ER'', ''A Civil Action'')","525012","True","No"
"Shinzo Abe","2022-07-08","Japanese politician","4947548","True","No"
"Ivana Trump","2022-07-14","Czech-American businesswoman","3394670","True","No"
"James Caan","2022-07-06","American actor (''The Godfather'', ''Thief'', ''Misery'')","2744932","True","No"
"Bill Russell","2022-07-31","American Hall of Fame basketball player and coach (Boston Celtics, Seattle SuperSonics, Sacramento Kings)","1656801","True","No"
"Tony Dow","2022-07-27","American actor (''Leave It to Beaver'', ''Never Too Young'') and television director (''Coach'')","1121132","True","No"
"Ayman al-Zawahiri","2022-07-31","Egyptian Islamic militant","1002415","True","No"
"Paul Sorvino","2022-07-25","American actor (''Goodfellas'', ''The Rocketeer'', ''Law & Order'')","955695","True","No"
"Tony Sirico","2022-07-08","American actor (''The Sopranos'', ''Goodfellas'', ''Wonder Wheel'')","926921","True","No"
"Nichelle Nichols","2022-07-30","American actress (''Star Trek'', ''Truck Turner'', ''Snow Dogs'')","824355","True","No"
"Bernard Cribbins","2022-07-27","English actor (''The Wombles'', ''Doctor Who'') and singer (""The Hole in the Ground"")","614411","True","No"
"David Warner","2022-07-24","English actor (''The Omen'', ''Tron'', ''Titanic'')","504596","True","No"
"Anne Heche","2022-08-11","American actress (''Donnie Brasco'', ''Psycho'', ''Another World'')","8920023","True","No"
"Dame Olivia Newton-John","2022-08-08","British-Australian singer (""I Honestly Love You"", ""Physical"") and actress (''Grease'')","5982762","True","No"
"Mikhail Gorbachev","2022-08-30","Russian politician","2024461","True","No"
"Rakesh Jhunjhunwala","2022-08-14","Indian investor and stock trader","1302274","True","No"
"Charlbi Dean","2022-08-29","South African actress (''Triangle of Sadness'', ''Spud'', ''Black Lightning'') and model","830962","True","No"
"Vin Scully","2022-08-02","American Hall of Fame sportscaster (Brooklyn/Los Angeles Dodgers)","636896","True","No"
"Jackie Walorski","2022-08-03","American politician","500604","True","No"
"Queen Elizabeth II","2022-09-08","British monarch and head of the Commonwealth (since 1952)","28572719","True","No"
"Coolio","2022-09-28","American rapper (""Gangsta's Paradise"", ""Fantastic Voyage"", ""C U When U Get There"") and actor","3182227","True","No"
"PnB Rock","2022-09-12","American rapper (""Selfish"")","1422238","True","No"
"Cyrus Mistry","2022-09-04","Indian-Irish automotive executive","1073732","True","No"
"Raju Srivastav","2022-09-21","Indian actor (''Bombay to Goa'', ''Aamdani Atthanni Kharcha Rupaiya'') and comedian (''The Great Indian Laughter Challenge'')","881984","True","No"
"Jean-Luc Godard","2022-09-13","French-Swiss film director (''Breathless'', ''Bande à part'', ''Pierrot le Fou'')","741143","True","No"
"Krishnam Raju","2022-09-11","Indian actor (''Dharmaatmudu'', ''Bobbili Brahmanna'') and politician","718398","True","No"
"Leslie Jordan","2022-10-24","American actor (''Will & Grace'', ''Hearts Afire'', ''Call Me Kat'')","3234928","True","No"
"Robbie Coltrane","2022-10-14","Scottish actor (''Harry Potter'', ''Cracker'', ''GoldenEye'') and comedian","3203947","True","No"
"Dame Angela Lansbury","2022-10-11","British-American-Irish actress (''The Manchurian Candidate'', ''Sweeney Todd'', ''Murder, She Wrote'') and singer","2421048","True","No"
"Jerry Lee Lewis","2022-10-28","American Hall of Fame singer (""Great Balls of Fire"", ""Whole Lotta Shakin' Going On"", ""High School Confidential"") and pianist","2165245","True","No"
"Loretta Lynn","2022-10-04","American Hall of Fame country singer-songwriter (""Coal Miner's Daughter"", ""You Ain't Woman Enough (To Take My Man)"", ""The Pill"")","1910487","True","No"
"Sara Lee","2022-10-05","American professional wrestler (WWE) and television personality (''WWE Tough Enough'')","623251","True","No"
"Dietrich Mateschitz","2022-10-22","Austrian businessman","549839","True","No"
"Mulayam Singh Yadav","2022-10-10","Indian politician","515000","True","No"
"Vaishali Takkar","2022-10-16","Indian actress (''Sasural Simar Ka'', ''Super Sisters - Chalega Pyar Ka Jaadu'', ''Vish Ya Amrit: Sitara'')","502647","True","No"
"Aaron Carter","2022-11-05","American singer (""Crush on You"", ""Aaron's Party (Come Get It)"", ""Leave It Up to Me"")","7005289","True","No"
"Takeoff","2022-11-01","American rapper (Migos) and songwriter (""Versace"", ""MotorSport"")","3918180","True","No"
"Jason David Frank","2022-11-19","American actor (''Mighty Morphin Power Rangers'', ''Sweet Valley High'', ''The Junior Defenders'')","2862707","True","No"
"Christine McVie","2022-11-30","English Hall of Fame musician (Fleetwood Mac) and songwriter (""Don't Stop"", ""Everywhere"")","2701338","True","No"
"Irene Cara","2022-11-25","American singer (""Flashdance... What a Feeling"") and actress (''Sparkle'', ''Fame'')","1918337","True","No"
"Kevin Conroy","2022-11-10","American actor (''Batman: The Animated Series'', ''Justice League'', ''Search for Tomorrow'')","1500385","True","No"
"Anthony Johnson","2022-11-13","American mixed martial artist","1039492","True","No"
"Krishna","2022-11-15","Indian actor (''Sakshi'', ''Pandanti Kapuram'') and politician","844355","True","No"
"Clarence Gilyard","2022-11-23","American actor (''Walker, Texas Ranger'', ''Die Hard'', ''Matlock'')","781787","True","No"
"Clarence Gilyard","2022-11-28","American actor","781787","True","No"
"John Aniston","2022-11-11","Greek-born American actor (''Days of Our Lives'', ''Love of Life'', ''Search for Tomorrow'')","653246","True","No"
"Mehran Karimi Nasseri","2022-11-12","Iranian-born stateless refugee","624026","True","No"
"Gallagher","2022-11-11","American comedian","607562","True","No"
"Jiang Zemin","2022-11-30","Chinese politician","533780","True","No"
"Siddhaanth Vir Surryavanshi","2022-11-11","Indian actor (''Mamta'', ''Kyun Rishton Mein Katti Batti'')","510622","True","No"
"Kirstie Alley","2022-12-05","American actress (''Cheers'', ''Veronica's Closet'', ''Look Who's Talking'')","4874523","True","No"
"Pelé","2022-12-29","Brazilian footballer (Santos, national team)","4329405","True","No"
"Barbara Walters","2022-12-30","American Hall of Fame television journalist (''Today'', ''20/20'') and talk show host (''The View'')","2736204","True","No"
"Stephen ""tWitch"" Boss","2022-12-13","American dancer","2423274","True","No"
"Pope Benedict XVI","2022-12-31","German Roman Catholic prelate and theologian (''Introduction to Christianity'')","2015820","True","No"
"Tunisha Sharma","2022-12-24","Indian actress (''Bharat Ka Veer Putra – Maharana Pratap'', ''Chakravartin Ashoka Samrat'', ''Ishq Subhan Allah'')","1866884","True","No"
"Franco Harris","2022-12-20","American Hall of Fame football player (Pittsburgh Steelers, Seattle Seahawks)","1573120","True","No"
"Mike Leach","2022-12-12","American college football coach (Texas Tech Red Raiders, Washington State Cougars, Mississippi State Bulldogs)","1436740","True","No"
"Dame Vivienne Westwood","2022-12-29","British fashion designer","1248001","True","No"
"Terry Hall","2022-12-18","English singer (The Specials, Fun Boy Three) and songwriter (""Our Lips Are Sealed"")","846474","True","No"
"Grant Wahl","2022-12-10","American sports journalist (''Sports Illustrated'') and author (''The Beckham Experiment'')","845522","True","No"
"Stephan Bonnar","2022-12-22","American mixed martial artist (UFC) and professional wrestler (Impact Wrestling)","658254","True","No"
"Siniša Mihajlović","2022-12-16","Serbian football player (Lazio, FR Yugoslavia national team) and manager (Bologna)","626569","True","No"
"Maxi Jazz","2022-12-23","English musician (Faithless) and songwriter (""Insomnia"", ""God Is a DJ"")","588865","True","No"
"Victoria Lee","2022-12-26","American mixed martial artist","511881","True","No"
"Lisa Marie Presley","2023-01-12","American singer-songwriter (""Lights Out"", ""You Ain't Seen Nothin' Yet"")","9291837","True","No"
"Annie Wersching","2023-01-29","American actress (''24'', ''The Last of Us'', ''Runaways'')","3201585","True","No"
"Jeff Beck","2023-01-10","British Hall of Fame guitarist (The Yardbirds, The Jeff Beck Group)","2656656","True","No"
"Ken Block","2023-01-02","American rally driver (Rally America, Global Rallycross)","2383642","True","No"
"David Crosby","2023-01-18","American Hall of Fame singer (The Byrds, Crosby, Stills, Nash & Young) and songwriter (""Guinnevere"")","1695134","True","No"
"Julian Sands","2023-01-13","British actor (''A Room with a View'', ''The Killing Fields'', ''Leaving Las Vegas'')","1313189","True","No"
"Cindy Williams","2023-01-25","American actress (''Laverne & Shirley'', ''American Graffiti'', ''The Conversation'')","1219653","True","No"
"Lisa Loring","2023-01-28","American actress (''The Addams Family'', ''Blood Frenzy'', ''As the World Turns'')","948300","True","No"
"Gianluca Vialli","2023-01-06","Italian football player (Juventus, national team) and manager (Chelsea)","925657","True","No"
"Adam Rich","2023-01-07","American actor (''Eight Is Enough'', ''Dungeons & Dragons'', ''The Devil and Max Devlin'')","841845","True","No"
"Gina Lollobrigida","2023-01-16","Italian actress (''Bread, Love and Dreams'', ''Come September'', ''The Hunchback of Notre Dame'')","798524","True","No"
"Jay Briscoe","2023-01-17","American professional wrestler (ROH, CZW, NJPW)","759179","True","No"
"Gangsta Boo","2023-01-01","American rapper (Three 6 Mafia)","653224","True","No"
"Constantine II","2023-01-10","Greek monarch and sailor","619857","True","No"
"Tatjana Patitz","2023-01-11","German model and actress (''Rising Sun'')","545504","True","No"
"Robbie Knievel","2023-01-13","American daredevil and stuntman","541979","True","No"
"Raquel Welch","2023-02-15","American actress (''One Million Years B.C.'', ''The Three Musketeers'', ''Fantastic Voyage'')","3473473","True","No"
"Christian Atsu","2023-02-06","Ghanaian footballer (Newcastle United, Hatayspor, national team)","1958075","True","No"
"Burt Bacharach","2023-02-08","American Hall of Fame composer (""Raindrops Keep Fallin' on My Head"", ""Walk On By"", ""Arthur's Theme (Best That You Can Do)"")","1777813","True","No"
"Richard Belzer","2023-02-19","American actor (''Homicide: Life on the Street'', ''Law & Order: Special Victims Unit'', ''The Flash'')","1524531","True","No"
"AKA","2023-02-10","South African rapper","842560","True","No"
"Taraka Ratna","2023-02-18","Indian actor (''Okato Number Kurraadu'', ''Yuva Rathna'', ''Taarak'')","674036","True","No"
"Vani Jairam","2023-02-04","Indian playback singer (''Sankarabharanam'', ''Guddi'', ''Sollathaan Ninaikkiren'')","522209","False","Yes"
"Lance Reddick","2023-03-17","American actor (''The Wire'', ''Fringe'', ''John Wick'') and musician","4601802","True","No"
"Paul O'Grady","2023-03-28","English comedian","1853521","True","No"
"Satish Kaushik","2023-03-08","Indian film director (''Hum Aapke Dil Mein Rehte Hain'')","1698548","True","No"
"Tom Sizemore","2023-03-03","American actor (''Saving Private Ryan'', ''Black Hawk Down'', ''Heat'')","1661584","True","No"
"Robert Blake","2023-03-09","American actor (''Baretta'', ''In Cold Blood'', ''Lost Highway'')","963476","True","No"
"Ryuichi Sakamoto","2023-03-28","Japanese musician (Yellow Magic Orchestra) and film composer (''The Last Emperor'', ''The Revenant'')","769296","True","No"
"Gary Rossington","2023-03-05","American Hall of Fame guitarist (Lynyrd Skynyrd, Rossington Collins Band)","594137","True","No"
"Bobby Caldwell","2023-03-14","American singer (""What You Won't Do for Love"") and songwriter (""The Next Time I Fall"")","571546","True","No"
"Jerry Springer","2023-04-27","British-born American television host (''Jerry Springer'', ''America's Got Talent'') and politician","3536454","True","No"
"Harry Belafonte","2023-04-25","American Hall of Fame musician (""The Banana Boat Song"", ""Jump in the Line"")","1739562","True","No"
"Jock Zonfrillo","2023-04-30","Scottish-Australian chef and television presenter (''Restaurant Revolution'', ''MasterChef Australia'')","1186721","True","No"
"Barry Humphries","2023-04-22","Australian comedian (Dame Edna Everage) and actor (''Bedazzled'', ''Finding Nemo'')","1075649","True","No"
"Moonbin","2023-04-19","South Korean singer (Astro)","1015485","True","No"
"Paul Cattermole","2023-04-06","English singer (S Club 7)","930808","True","No"
"Tori Bowie","2023-04-23","American athlete","871330","True","No"
"Len Goodman","2023-04-22","English ballroom dancer","815341","True","No"
"Charles Stanley","2023-04-18","American pastor and televangelist","647444","True","No"
"Tina Turner","2023-05-24","American-born Swiss Hall of Fame singer (""River Deep – Mountain High"", ""What's Love Got to Do with It"") and actress (''Mad Max Beyond Thunderdome'')","8256650","True","No"
"Ray Stevenson","2023-05-21","Northern Irish actor (''Rome'', ''Thor'', ''Punisher: War Zone'')","1941285","True","No"
"Gordon Lightfoot","2023-05-01","Canadian Hall of Fame singer-songwriter (""Sundown"", ""The Wreck of the ''Edmund Fitzgerald''"", ""If You Could Read My Mind"")","1525051","True","No"
"Jim Brown","2023-05-18","American Hall of Fame football player (Cleveland Browns)","1114814","True","No"
"Rolf Harris","2023-05-10","Australian entertainer (''Rolf's Cartoon Club'', ''Animal Hospital'')","894527","True","No"
"Manobala","2023-05-03","Indian film director (''December 31'') and actor (''Gopurangal Saivathillai'', ''James Pandu'')","550378","True","No"
"Aditya Singh Rajput","2023-05-22","Indian actor (''Cambala Investigation Agency'')","543887","True","No"
"Jacklyn Zeman","2023-05-09","American actress (''General Hospital'', ''One Life to Live'', ''The Bay'')","519644","True","No"
"Hamish Harding","2023-06-18","British businessman","3152248","True","No"
"Ted Kaczynski","2023-06-10","American mathematician and domestic terrorist (''Unabomber Manifesto'')","2677210","True","No"
"Treat Williams","2023-06-12","American actor (''Hair'', ''Prince of the City'', ''Everwood'')","2246984","True","No"
"Shahzada Dawood","2023-06-18","Pakistani-British businessman","1894443","True","No"
"Stockton Rush","2023-06-18","American businessman","1866676","True","No"
"Alan Arkin","2023-06-29","American actor (''Little Miss Sunshine'', ''Argo'', ''The Heart Is a Lonely Hunter'')","1497744","True","No"
"Silvio Berlusconi","2023-06-12","Italian politician","1095755","True","No"
"Ryan Mallett","2023-06-27","American football player (New England Patriots, Houston Texans, Baltimore Ravens)","886606","True","No"
"Paul-Henri Nargeolet","2023-06-18","French navy commander and explorer","866613","True","No"
"Cormac McCarthy","2023-06-13","American novelist (''Blood Meridian'', ''All the Pretty Horses'', ''The Road'')","795767","True","No"
"Pat Robertson","2023-06-08","American televangelist (''The 700 Club'')","745409","True","No"
"Glenda Jackson","2023-06-15","English actress (''Women in Love'', ''Sunday Bloody Sunday'', ''A Touch of Class'') and politician","729471","True","No"
"Robert Hanssen","2023-06-05","American FBI agent and convicted spy","587462","True","No"
"Sinéad O'Connor","2023-07-26","Irish singer (""Nothing Compares 2 U"") and songwriter (""Mandinka"", ""The Emperor's New Clothes"")","10566194","True","No"
"Paul Reubens","2023-07-30","American actor (''Pee-wee's Playhouse'', ''The Nightmare Before Christmas'', ''Blow'')","4321610","True","No"
"Angus Cloud","2023-07-31","American actor (''Euphoria'', ''North Hollywood'', ''The Line'')","2890107","True","No"
"Tony Bennett","2023-07-21","American singer (""I Left My Heart in San Francisco"", ""Rags to Riches"", ""Because of You"")","2372773","True","No"
"Coco Lee","2023-07-05","Hong Kong-American singer-songwriter (''Singer'')","2022907","True","No"
"Jane Birkin","2023-07-16","English-French singer (""Je t'aime... moi non plus"") and actress (''La Piscine'', ''Evil Under the Sun'')","1859055","True","No"
"Randy Meisner","2023-07-26","American Hall of Fame musician (Eagles, Poco) and songwriter (""Take It to the Limit"")","713211","True","No"
"Oommen Chandy","2023-07-18","Indian politician","703668","True","No"
"Trevor Francis","2023-07-24","English football player (Birmingham City, national team) and manager (Sheffield Wednesday)","528138","True","No"
"Bray Wyatt","2023-08-24","American professional wrestler (WWE)","3680172","True","No"
"Yevgeny Prigozhin","2023-08-23","mercenary leader","2639562","True","No"
"Bob Barker","2023-08-26","American game show host (''The Price Is Right'', ''Truth or Consequences'') and animal welfare activist","2135894","True","No"
"Robbie Robertson","2023-08-09","Canadian Hall of Fame musician (The Band)","957336","True","No"
"Mark Margolis","2023-08-03","American actor (''Breaking Bad'', ''Scarface'', ''Pi'')","843353","True","No"
"Terry Funk","2023-08-23","American Hall of Fame professional wrestler (NWA, WWF) and actor (''Road House'')","714287","True","No"
"Arleen Sorkin","2023-08-24","American actress (''Days of Our Lives'', ''Batman: The Animated Series'', ''Duet'')","630324","True","No"
"Mohamed Al-Fayed","2023-08-30","Egyptian hotelier and football executive","604724","True","No"
"Sir Michael Parkinson","2023-08-16","English journalist (''Manchester Guardian'', ''Daily Express'') and broadcaster (''Parkinson'')","595492","True","No"
"Dmitry Utkin","2023-08-23","intelligence officer and mercenary leader","594707","True","No"
"William Friedkin","2023-08-07","American film director (''The French Connection'', ''The Exorcist'', ''To Live and Die in L.A.'')","555148","True","No"
"Siddique","2023-08-08","Indian film director (''Ramji Rao Speaking'', ''Big Brother'')","542357","False","Yes"
"Jimmy Buffett","2023-09-01","American singer-songwriter (""Margaritaville"", ""Cheeseburger in Paradise"")","3829404","True","No"
"Steve Harwell","2023-09-04","American singer (Smash Mouth)","2329435","True","No"
"Sir Michael Gambon","2023-09-27","Irish-born British actor (''Harry Potter'', ''Gosford Park'', ''The Singing Detective'')","1856496","True","No"
"Dianne Feinstein","2023-09-29","American politician","1679768","True","No"
"David McCallum","2023-09-25","Scottish actor (''The Man from U.N.C.L.E.'', ''NCIS'', ''The Great Escape'') and musician","1668034","True","No"
"Billy Miller","2023-09-15","American actor (''The Young and the Restless'', ''General Hospital'', ''All My Children'')","809020","True","No"
"MohBad","2023-09-12","Nigerian rapper","686938","True","No"
"G. Marimuthu","2023-09-08","Indian film director (''Kannum Kannum'', ''Pulivaal'') and actor (''Ethirneechal'')","558058","True","No"
"Matthew Perry","2023-10-28","American-Canadian actor (''Friends'', ''The Whole Nine Yards'', ''Fallout: New Vegas'')","15815105","True","No"
"Suzanne Somers","2023-10-15","American actress (''Three's Company'', ''Step by Step'', ''She's the Sheriff'')","2930815","True","No"
"Sir Bobby Charlton","2023-10-21","English Hall of Fame football player (Manchester United, national team) and manager (Preston North End)","1470390","True","No"
"Adam Johnson","2023-10-28","American ice hockey player (Pittsburgh Penguins, Nottingham Panthers)","1212165","True","No"
"Dick Butkus","2023-10-05","American Hall of Fame football player (Chicago Bears) and actor (''Hang Time'', ''Johnny Dangerously'')","1099742","True","No"
"Tyler Christopher","2023-10-31","American actor (''General Hospital'', ''Days of Our Lives'', ''The Lying Game'')","795430","True","No"
"Tim Wakefield","2023-10-01","American baseball player (Boston Red Sox, Pittsburgh Pirates) and commentator (NESN)","698041","True","No"
"Richard Roundtree","2023-10-24","American actor (''Shaft'', ''Se7en'', ''Speed Racer'')","623367","True","No"
"Burt Young","2023-10-08","American actor (''Rocky'', ''Chinatown'', ''Back to School'')","604035","True","No"
"Dave Courtney","2023-10-22","English gangster","566390","True","No"
"Piper Laurie","2023-10-14","American actress (''Carrie'', ''The Hustler'', ''Children of a Lesser God'')","507280","True","No"
"Henry Kissinger","2023-11-29","German-born American diplomat and politician","4512396","True","No"
"Shane MacGowan","2023-11-30","English-born Irish singer (The Pogues, Shane MacGowan and the Popes) and songwriter (""Fairytale of New York"")","3078373","True","No"
"Rosalynn Carter","2023-11-19","American activist and humanitarian","1542279","True","No"
"Charlie Munger","2023-11-28","American investor","949366","True","No"
"Terry Venables","2023-11-25","English football player (Chelsea, Tottenham Hotspur) and manager (national team)","763309","True","No"
"Bob Knight","2023-11-01","American Hall of Fame basketball coach (Indiana Hoosiers, Texas Tech Red Raiders, 1984 Olympic team)","708178","True","No"
"Subrata Roy","2023-11-14","Indian conglomerate executive","545642","True","No"
"Andre Braugher","2023-12-11","American actor (''Homicide: Life on the Street'', ''Brooklyn Nine-Nine'', ''Glory'')","3178563","True","No"
"Ryan O'Neal","2023-12-08","American actor (''Love Story'', ''Barry Lyndon'', ''Paper Moon'') and boxer","2191563","True","No"
"Lee Sun-kyun","2023-12-27","South Korean actor (''My Mister'', ''Parasite'', ''Paju'')","2014812","True","No"
"Vijayakanth","2023-12-28","Indian actor (''Senthoora Poove'', ''Thayagam'') and politician","1649866","True","No"
"Norman Lear","2023-12-05","American Hall of Fame television writer and producer (''All in the Family'', ''Maude'', ''The Jeffersons'')","1177610","True","No"
"Tom Wilkinson","2023-12-30","British actor (''The Full Monty'', ''In the Bedroom'', ''Michael Clayton'')","1047733","True","No"
"Sandra Day O'Connor","2023-12-01","American jurist","993511","True","No"
"Benjamin Zephaniah","2023-12-07","British poet","550531","True","No"
"Tom Smothers","2023-12-26","American comedian","533043","True","No"
"David Soul","2024-01-04","American-British actor (''Starsky & Hutch'', ''Magnum Force'') and singer (""Don't Give Up on Us"")","1338288","True","No"
"Christian Oliver","2024-01-04","German actor (''Speed Racer'', ''The Good German'', ''Saved by the Bell: The New Class'')","1320550","True","No"
"Adan Canto","2024-01-08","Mexican actor (''X-Men: Days of Future Past'', ''Designated Survivor'', ''The Cleaning Lady'')","1029978","True","No"
"Franz Beckenbauer","2024-01-07","German football player (Bayern Munich, national team) and manager","967977","True","No"
"Bhavatharini","2024-01-25","Indian singer","740355","True","No"
"Jesse Jane","2024-01-24","American pornographic actress (''Pirates'', ''Pirates II: Stagnetti's Revenge'') and host (''Naughty Amateur Home Videos'')","694290","True","No"
"Glynis Johns","2024-01-04","British actress (''Mary Poppins'', ''A Little Night Music'', ''The Sundowners'')","687048","True","No"
"Alec Musser","2024-01-12","American actor (''All My Children'') and model (Abercrombie & Fitch)","681901","True","No"
"Dejan Milojević","2024-01-17","Serbian basketball player (Budućnost, Partizan) and coach (Golden State Warriors)","615957","True","No"
"Melanie","2024-01-23","American singer-songwriter (""Brand New Key"", ""Lay Down (Candles in the Rain)"") and guitarist","554402","True","No"
"Chita Rivera","2024-01-30","American actress (''West Side Story'', ''Kiss of the Spider Woman'', ''Chicago'')","500434","True","No"
"Carl Weathers","2024-02-02","American actor (''Rocky'', ''Predator'', ''Happy Gilmore'') and football player","3563418","True","No"
"Toby Keith","2024-02-05","American country singer (""Should've Been a Cowboy"", ""How Do You Like Me Now?!"", ""Red Solo Cup"") and songwriter","3507868","True","No"
"Alexei Navalny","2024-02-16","Russian lawyer","3365796","True","No"
"Richard Lewis","2024-02-27","American comedian and actor (''Curb Your Enthusiasm'', ''Anything but Love'', ''Robin Hood: Men in Tights'')","1860873","True","No"
"Steve Wright","2024-02-12","English disc jockey (BBC Radio 1, BBC Radio 2) and television presenter (''Top of the Pops'')","1049474","True","No"
"Kagney Linn Karter","2024-02-15","American pornographic film actress","786675","True","No"
"Kelvin Kiptum","2024-02-11","Kenyan long-distance runner","782934","True","No"
"Brian Mulroney","2024-02-29","Canadian politician","735879","True","No"
"Herbert Wigwe","2024-02-09","Nigerian banker","678946","True","No"
"Jacob Rothschild, 4th Baron Rothschild","2024-02-26","British investment banker and peer","602361","True","No"
"Jonnie Irwin","2024-02-02","English television presenter (''A Place in the Sun'', ''Escape to the Country'', ''To Buy or Not to Buy'')","561548","True","No"
"Robin Windsor","2024-02-19","British dancer (''Strictly Come Dancing'')","525848","True","No"
"Dave Myers","2024-02-28","English chef and television presenter (''The Hairy Bikers' Cookbook'')","511613","True","No"
"Rituraj Singh","2024-02-20","Indian actor (''Banegi Apni Baat'', ''Jyoti'', ''Hitler Didi'')","507858","True","No"
"Angela Chao","2024-02-11","American businesswoman","504973","True","No"
"Kenneth Mitchell","2024-02-24","Canadian actor (''Jericho'', ''Star Trek: Discovery'', ''Miracle'')","502628","True","No"
"Akira Toriyama","2024-03-01","Japanese manga artist (''Dragon Ball'', ''Dr. Slump'') and video game artist (''Dragon Quest'')","3083691","True","No"
"Chance Perdomo","2024-03-29","American-British actor (''Chilling Adventures of Sabrina'', ''Gen V'', ''After We Fell'')","1322979","True","No"
"Louis Gossett Jr.","2024-03-29","American actor (''An Officer and a Gentleman'', ''Roots'', ''Iron Eagle'')","1122240","True","No"
"Paul Alexander","2024-03-11","American lawyer and paralytic polio survivor","936823","True","No"
"Eric Carmen","2024-03-10","American musician (Raspberries)","843163","True","No"
"Mukhtar Ansari","2024-03-28","Indian politician and gangster","821242","True","No"
"Jaclyn Jose","2024-03-02","Filipino actress (''The Flor Contemplacion Story'', ''Familia Zaragoza'', ''Ma' Rosa'')","791595","True","No"
"Joe Lieberman","2024-03-27","American politician","623611","True","No"
"Iris Apfel","2024-03-01","American businesswoman and designer","584925","True","No"
"Daniel Balaji","2024-03-29","Indian actor (''Kaadhal Kondein'', ''Chirutha'', ''Gnana Kirukkan'')","564605","True","No"
"O. J. Simpson","2024-04-10","American Hall of Fame football player (Buffalo Bills) and actor (''The Naked Gun'', ''The Towering Inferno'')","6001398","True","No"
"Mandisa","2024-04-18","American gospel singer (""Only the World"", ""Overcomer"", ""Stronger"")","1334202","False","Yes"
"Vontae Davis","2024-04-01","American football player (Miami Dolphins, Indianapolis Colts, Buffalo Bills)","1071006","True","No"
"Park Bo-ram","2024-04-11","South Korean singer","604156","True","No"
"Dickey Betts","2024-04-18","American Hall of Fame musician (The Allman Brothers Band) and songwriter (""Jessica"", ""Ramblin' Man"")","515775","True","No"
"Ebrahim Raisi","2024-05-19","president (since 2021)","2405910","True","No"
"Bill Walton","2024-05-27","American Hall of Fame basketball player (UCLA Bruins, Portland Trail Blazers, Boston Celtics)","1607513","True","No"
"Morgan Spurlock","2024-05-23","American film director (''Super Size Me'', ''Where in the World Is Osama bin Laden?'', ''Comic-Con Episode IV: A Fan's Hope'')","1318354","True","No"
"Steve Albini","2024-05-07","American musician (Big Black, Shellac) and record producer (''In Utero'')","1265252","True","No"
"Bernard Hill","2024-05-05","English actor (''The Lord of the Rings'', ''Titanic'', ''Wolf Hall'')","1119689","True","No"
"Grayson Murray","2024-05-25","American golfer","945093","True","No"
"Dabney Coleman","2024-05-16","American actor (''9 to 5'', ''Tootsie'', ''The Guardian'')","681150","True","No"
"Sam Rubin","2024-05-10","American entertainment journalist (KTLA)","599730","True","No"
"Donald Sutherland","2024-06-20","Canadian actor (''M*A*S*H'', ''Ordinary People'', ''The Hunger Games'')","3435250","True","No"
"Willie Mays","2024-06-18","American Hall of Fame baseball player (New York / San Francisco Giants, New York Mets)","1307242","True","No"
"Jerry West","2024-06-12","American Hall of Fame basketball player","1087054","True","No"
"Shifty Shellshock","2024-06-24","American singer (Crazy Town) and songwriter (""Butterfly"", ""Starry Eyed Surprise"")","880233","True","No"
"Martin Mull","2024-06-27","American actor (''Clue'', ''Sabrina the Teenage Witch'', ''Roseanne'') and musician","754230","True","No"
"Kevin Campbell","2024-06-15","English footballer (Arsenal, Nottingham Forest, Everton)","655972","True","No"
"Rob Burrow","2024-06-02","English rugby league player (Leeds Rhinos, Yorkshire, national team)","615110","True","No"
"Matija Sarkic","2024-06-15","English-born Montenegrin footballer (Shrewsbury Town, Millwall, national team)","578921","True","No"
"Shannen Doherty","2024-07-13","American actress (''Beverly Hills, 90210'', ''Charmed'', ''Heathers'')","3750291","True","No"
"Richard Simmons","2024-07-13","American fitness instructor and television personality (''General Hospital'', ''Match Game'', ''Hollywood Squares'')","2394078","False","Yes"
"Thomas Matthew Crooks","2024-07-13","American gunman (attempted assassination of Donald Trump)","2298207","True","No"
"Shelley Duvall","2024-07-11","American actress (''The Shining'', ''Nashville'', ''3 Women'')","2183069","True","No"
"Bob Newhart","2024-07-18","American comedian and actor (''The Bob Newhart Show'', ''Newhart'', ''Elf'')","1467023","True","No"
"Ismail Haniyeh","2024-07-31","Palestinian politician","1410305","False","Yes"
"Jacoby Jones","2024-07-14","American football player (Baltimore Ravens, Houston Texans, San Diego Chargers)","778018","False","Yes"
"Khyree Jackson","2024-07-06","American football player (Minnesota Vikings, Alabama Crimson Tide, Oregon Ducks)","714450","False","Yes"
"Sheila Jackson Lee","2024-07-19","American politician","690575","True","No"
"Ruth Westheimer","2024-07-12","German-American sex therapist and Holocaust survivor","608607","True","No"
"Erica Ash","2024-07-28","American actress (''Mad TV'', ''The Big Gay Sketch Show'', ''Survivor's Remorse'')","559539","True","No"
"Mike Lynch","2024-08-19","British businessman","2383581","False","Yes"
"Johnny Gaudreau","2024-08-29","American ice hockey player (Calgary Flames, Columbus Blue Jackets)","1855624","False","Yes"
"Alain Delon","2024-08-18","French-Swiss actor (''Rocco and His Brothers'', ''The Leopard'', ''Le Samouraï'') and film producer","1566120","True","No"
"Susan Wojcicki","2024-08-09","American business executive","1324358","True","No"
"John Amos","2024-08-21","American actor (''Good Times'', ''Roots'', ''The West Wing'')","1115147","False","Yes"
"Phil Donahue","2024-08-18","American talk show host (''The Phil Donahue Show'') and filmmaker (''Body of War'')","1083526","True","No"
"Sven-Göran Eriksson","2024-08-26","Swedish football player and manager (IFK Göteborg, Benfica, England national team)","1036033","True","No"
"Gena Rowlands","2024-08-14","American actress (''A Woman Under the Influence'', ''Gloria'', ''The Notebook'')","758422","True","No"
"Fatman Scoop","2024-08-31","American hip hop artist (""Be Faithful"", ""Lose Control"", ""It's Like That"")","740365","True","No"
"Graham Thorpe","2024-08-04","English cricketer (Surrey, national team)","652245","True","No"
"Sid Eudy","2024-08-26","American professional wrestler (WWF, WCW)","631045","True","No"
"Sol Bamba","2024-08-31","Ivorian-French footballer (Hibernian, Cardiff City, Ivory Coast national team)","524226","True","No"
"Dame Maggie Smith","2024-09-27","British actress (''The Prime of Miss Jean Brodie'', ''Harry Potter'', ''Downton Abbey'')","4304795","False","Yes"
"James Earl Jones","2024-09-09","American actor (''Star Wars'', ''Fences'', ''The Lion King'')","3551437","True","No"
"Kris Kristofferson","2024-09-28","American Hall of Fame singer-songwriter (""Me and Bobby McGee"", ""Help Me Make It Through the Night"") and actor (''A Star Is Born'')","3365880","True","No"
"Hassan Nasrallah","2024-09-27","Lebanese Shia cleric and politician","2155024","False","Yes"
"Pete Rose","2024-09-30","American baseball player (Cincinnati Reds, Philadelphia Phillies, Montreal Expos) and manager","1438809","True","No"
"Dikembe Mutombo","2024-09-30","Congolese-American Hall of Fame basketball player (Denver Nuggets, Houston Rockets, Atlanta Hawks)","1187411","True","No"
"Tito Jackson","2024-09-15","American Hall of Fame musician (The Jackson 5)","1067027","False","Yes"
"Chad McQueen","2024-09-11","American actor (''The Karate Kid'', ''Martial Law'', ''Red Line'') and racing driver","889648","True","No"
"Gavin Creel","2024-09-30","American actor (''Thoroughly Modern Millie'', ''The Book of Mormon'', ''Hello, Dolly!'')","837520","False","Yes"
"Michaela DePrince","2024-09-10","Sierra Leonean-American ballerina","821359","True","No"
"Frankie Beverly","2024-09-10","American singer (Maze) and songwriter (""Before I Let Go"", ""Back in Stride"")","576089","True","No"
"Rebecca Cheptegei","2024-09-05","Ugandan Olympic long-distance runner (2024)","559931","True","No"
"James Darren","2024-09-02","American singer (""Goodbye Cruel World"") and actor (''Gidget'', ''T. J. Hooker'')","523287","False","Yes"
"Liam Payne","2024-10-16","English singer (One Direction)","12007110","False","Yes"
"Ratan Tata","2024-10-09","Indian conglomerate industry executive","6356696","True","No"
"Baba Siddique","2024-10-12","Indian politician","2296968","True","No"
"Yahya Sinwar","2024-10-16","Palestinian politician","1762300","True","No"
"Teri Garr","2024-10-29","American actress (''Tootsie'', ''Young Frankenstein'', ''Close Encounters of the Third Kind'')","1708534","True","No"
"George Baldock","2024-10-09","English-born Greek footballer (MK Dons, Sheffield United, Greece national team)","1259896","False","Yes"
"Fernando Valenzuela","2024-10-22","Mexican-American baseball player (Los Angeles Dodgers)","1129838","False","Yes"
"Ethel Kennedy","2024-10-10","American human rights advocate","991397","False","Yes"
"Paul Di'Anno","2024-10-21","English singer (Iron Maiden) and songwriter (""Running Free"")","586970","True","No"
"Alex Salmond","2024-10-12","Scottish politician","564066","True","No"
"Quincy Jones","2024-11-03","American Hall of Fame record producer (''Thriller'', ""We Are the World"")","2359640","False","Yes"
"Tony Todd","2024-11-06","American actor (''Candyman'', ''Platoon'', ''Final Destination'')","1060881","False","Yes"
"Song Jae-rim","2024-11-12","South Korean actor (''The Idle Mermaid'', ''Our Gap-soon'', ''Goodbye Mr. Black'') and model","907104","True","No"
"Bob Bryar","2024-11-24","American drummer (My Chemical Romance)","795417","False","Yes"
"Chuck Woolery","2024-11-23","American game show host (''Wheel of Fortune'', ''Love Connection'') and musician (The Avant-Garde)","677840","True","No"
"Peanut","2024-11-01","American eastern gray squirrel","582824","True","No"
"Timothy West","2024-11-12","English actor (''Hedda'', ''EastEnders'') and television presenter (''Great Canal Journeys'')","565211","True","No"
"Jimmy Carter","2024-12-29","American politician and humanitarian","7049711","True","No"
"Manmohan Singh","2024-12-26","Indian politician","2589105","False","Yes"
"Brian Thompson","2024-12-04","American insurance executive","2487324","False","Yes"
"Olivia Hussey","2024-12-27","British actress (''Romeo and Juliet'', ''Black Christmas'', ''Jesus of Nazareth'')","1233452","True","No"
"Rickey Henderson","2024-12-20","American Hall of Fame baseball player (Oakland Athletics, New York Yankees, San Diego Padres)","1106879","False","Yes"
"Greg Gumbel","2024-12-27","American sportscaster (CBS Sports, NFL)","1014310","True","No"
"Zakir Hussain","2024-12-15","Indian tabla player (Shakti)","969821","False","Yes"
"Linda Lavin","2024-12-29","American actress (''Alice'', ''B Positive'', ''Broadway Bound'')","791724","False","Yes"
"Anita Bryant","2024-12-16","American singer (""Paper Roses"", ""My Little Corner of the World"") and anti-gay rights activist (Save Our Children)","619025","False","Yes"
"Jocelyn Wildenstein","2024-12-31","Swiss socialite","600873","True","No"
"David Lynch","2025-01-16","American film director (''Blue Velvet'', ''Mulholland Drive'') and television producer (''Twin Peaks'')","4313423","False","Yes"
"Jeff Baena","2025-01-03","American film director and screenwriter (''The Little Hours'', ''Horse Girl'', ''Spin Me Round'')","2731423","False","Yes"
"Marianne Faithfull","2025-01-30","English singer (""As Tears Go By"")","1409306","False","Yes"
"The Vivienne","2025-01-03","British drag queen (''RuPaul's Drag Race UK'', ''RuPaul's Drag Race All Stars'', ''Dancing on Ice'')","1248090","False","Yes"
"Bob Uecker","2025-01-16","American baseball player (St. Louis Cardinals)","833978","False","Yes"
"Denis Law","2025-01-17","Scottish footballer (Manchester United, Huddersfield Town, national team)","752438","False","Yes"
"Dame Joan Plowright","2025-01-16","English actress (''Enchanted April'', ''A Taste of Honey'', ''101 Dalmatians'')","630291","False","Yes"
"Tony Slattery","2025-01-14","British actor (''The Crying Game'', ''Peter's Friends'')","590581","True","No"
"John Sykes","2025-01-20","English guitarist (Thin Lizzy, Whitesnake) and songwriter (""Is This Love"")","537282","True","No"
"Gene Hackman","2025-02-18","American actor (''The French Connection'', ''Mississippi Burning'', ''Unforgiven'')","8602463","False","Yes"
"Michelle Trachtenberg","2025-02-26","American actress (''Buffy the Vampire Slayer'', ''Harriet the Spy'', ''Gossip Girl'')","8096790","False","Yes"
"Kim Sae-ron","2025-02-16","South Korean actress (''A Brand New Life'', ''The Man from Nowhere'', ''A Girl at My Door'')","3200217","False","Yes"
"Barbie Hsu","2025-02-02","Taiwanese actress (''Meteor Garden'', ''Mars'')","1280150","False","Yes"
"Aga Khan IV","2025-02-04","Swiss-born British-Portuguese religious leader","1027614","False","Yes"
"Roberta Flack","2025-02-24","American singer (""Killing Me Softly with His Song"", ""The First Time Ever I Saw Your Face"", ""Feel Like Makin' Love"")","1024799","True","No"
"Irv Gotti","2025-02-05","American record producer (""Foolish"", ""Always on Time"") and executive (Murder Inc. Records)","822570","True","No"
"Betsy Arakawa","2025-02-12","American pianist","762530","False","Yes"
"George Foreman","2025-03-21","American boxer (two-time world heavyweight champion)","2879928","False","Yes"
"Richard Chamberlain","2025-03-29","American actor (''Dr. Kildare'', ''The Thorn Birds'', ''Shōgun'')","1266495","False","Yes"
"Angie Stone","2025-03-01","American singer (""No More Rain (In This Cloud)"", ""Wish I Didn't Miss You"") and rapper (The Sequence)","1223938","True","No"
"Eddie Jordan","2025-03-20","Irish Formula One team owner (Jordan Grand Prix) and television presenter (''Top Gear'')","638200","False","Yes"
"Pamela Bach","2025-03-05","American actress (''Baywatch'')","614142","False","Yes"
"Manoj Bharathiraja","2025-03-25","Indian actor (''Annakodi'', ''Baby'')","522550","False","Yes"
"Pope Francis","2025-04-21","Argentine Roman Catholic prelate","10591981","False","Yes"
"Val Kilmer","2025-04-01","American actor (''Top Gun'', ''The Doors'', ''Batman Forever'')","6774069","False","Yes"
"Virginia Giuffre","2025-04-25","American-Australian justice advocate","1085703","False","Yes"
"Manoj Kumar","2025-04-04","Indian actor (''Kranti'', ''Upkar'', ''Roti Kapada Aur Makaan'')","765181","True","No"
"Kyren Lacy","2025-04-12","American football player (LSU Tigers, Louisiana Ragin' Cajuns)","712798","False","Yes"
"Jay North","2025-04-06","American actor (''Dennis the Menace'', ''Maya'', ''Arabian Knights'')","676925","False","Yes"
"Rubby Pérez","2025-04-08","merengue singer","609620","False","Yes"
"Nora Aunor","2025-04-16","Filipino actress (''Tatlong Taong Walang Diyos'', ''Trap'', ''Hustisya'') and singer","534739","False","Yes"
"Nicky Katt","2025-04-08","American actor (''Dazed and Confused'', ''Boston Public'', ''Boiler Room'')","526164","True","No"
"George Wendt","2025-05-20","American actor (''Cheers'', ''Forever Young'', ''Elf'')","1502986","False","Yes"
"Mukul Dev","2025-05-23","Indian actor (''Dastak'', ''Yamla Pagla Deewana'', ''Son of Sardaar'')","1264123","True","No"
"Phil Robertson","2025-05-25","American businessman (Duck Commander) and television personality (''Duck Dynasty'')","1198653","False","Yes"
"Loretta Swit","2025-05-30","American actress (''M*A*S*H'', ''Freebie and the Bean'', ''Race with the Devil'')","1119747","False","Yes"
"Sabu","2025-05-11","American professional wrestler (ECW, WWE, TNA)","736151","True","No"
"Jim Irsay","2025-05-21","American football executive","714707","False","Yes"
"Valerie Mahaffey","2025-05-30","American actress (''The Doctors'', ''French Exit'', ''Young Sheldon'')","670324","False","Yes"
"Ruth Buzzi","2025-05-01","American comedian (''Rowan & Martin's Laugh-In'') and actress (''Sesame Street'', ''That Girl'')","648978","False","Yes"
"Rick Derringer","2025-05-26","American musician (The McCoys)","567109","False","Yes"
"Anne Burrell","2025-06-17","American chef and television personality (''Secrets of a Restaurant Chef'', ''Worst Cooks in America'', ''Iron Chef America'')","3116500","False","Yes"
"Brian Wilson","2025-06-11","American Hall of Fame musician (The Beach Boys)","2600199","False","Yes"
"Melissa Hortman","2025-06-14","American politician","2164594","False","Yes"
"Shefali Jariwala","2025-06-27","Indian reality show personality (''Nach Baliye'', ''Bigg Boss'') and actress (''Baby Come Naa'')","2122348","False","Yes"
"Jonathan Joss","2025-06-01","American actor (''King of the Hill'', ''Parks and Recreation'', ''The Magnificent Seven'')","1694673","False","Yes"
"Vijay Rupani","2025-06-12","Indian politician","1242824","False","Yes"
"Ananda Lewis","2025-06-11","American television personality (MTV, ''While You Were Out'')","921442","False","Yes"
"Sly Stone","2025-06-09","American Hall of Fame musician (Sly and the Family Stone) and songwriter (""Everyday People"", ""Family Affair"")","755306","False","Yes"
"Bobby Sherman","2025-06-24","American singer (""Little Woman"", ""Julie, Do Ya Love Me"") and actor (''Here Come the Brides'')","714271","False","Yes"
"Ozzy Osbourne","2025-07-22","English Hall of Fame musician (Black Sabbath)","13675365","False","Yes"
"Hulk Hogan","2025-07-24","American Hall of Fame professional wrestler (WWF, WCW) and actor (''Suburban Commando'')","6612086","False","Yes"
"Diogo Jota","2025-07-03","Portuguese footballer (Wolverhampton Wanderers, Liverpool, national team)","5634561","False","Yes"
"Malcolm-Jamal Warner","2025-07-20","American actor (''The Cosby Show'', ''Malcolm & Eddie'', ''The Resident'') and musician","4745057","False","Yes"
"Julian McMahon","2025-07-02","Australian actor (''Nip/Tuck'', ''Fantastic Four'', ''Home and Away'')","3102273","False","Yes"
"Michael Madsen","2025-07-03","American actor (''Reservoir Dogs'', ''Kill Bill'', ''Donnie Brasco'')","2407988","False","Yes"
"Connie Francis","2025-07-16","American pop singer (""Everybody's Somebody's Fool"", ""Pretty Little Baby"", ""My Heart Has a Mind of Its Own"")","1433654","False","Yes"
"Chuck Mangione","2025-07-22","American flugelhornist","1259801","False","Yes"
"André Silva","2025-07-03","Portuguese footballer (Penafiel)","1039189","False","Yes"
"Felix Baumgartner","2025-07-17","Austrian skydiver and extreme sportsman (Red Bull Stratos)","884212","False","Yes"
"Ryne Sandberg","2025-07-28","American Hall of Fame baseball player (Chicago Cubs) and manager (Philadelphia Phillies)","859883","False","Yes"
"Jimmy Swaggart","2025-07-01","American evangelist","591492","True","No"
"Tom Lehrer","2025-07-26","American singer-songwriter (""The Elements"", ""The Old Dope Peddler"", ""The Vatican Rag"")","556723","True","No"
"Andrea Gibson","2025-07-14","American poet","554717","False","Yes"
"Loni Anderson","2025-08-03","American actress (''WKRP in Cincinnati'', ''All Dogs Go to Heaven'', ''A Night at the Roxbury'')","1576690","False","Yes"
"Terence Stamp","2025-08-17","English actor (''Billy Budd'', ''Superman II'', ''The Adventures of Priscilla, Queen of the Desert'')","1421090","False","Yes"
"Frank Caprio","2025-08-20","American judge and television personality (''Parking Wars'')","1342343","False","Yes"
"Jim Lovell","2025-08-07","American astronaut (Gemini 12, Apollo 8, Apollo 13)","775779","False","Yes"
"Danielle Spencer","2025-08-11","American actress (''What's Happening!!'') and veterinarian","632180","False","Yes"
"James Dobson","2025-08-21","American evangelist and writer (''Marriage Under Fire'')","589885","False","Yes"
"Priya Marathe","2025-08-31","Indian actress (''Ya Sukhano Ya'', ''Tu Tithe Me'', ''Pavitra Rishta'')","576681","False","Yes"
"Brent Hinds","2025-08-20","American heavy metal musician (Mastodon, Giraffe Tongue Orchestra) and songwriter (""Colony of Birchmen"")","568308","False","Yes"
"Charlie Kirk","2025-09-10","American conservative activist","40990621","False","Yes"
"Robert Redford","2025-09-16","American actor (''Butch Cassidy and the Sundance Kid'', ''All the President's Men'') and film director (''Ordinary People'')","5978389","False","Yes"
"Ricky Hatton","2025-09-14","English professional boxer","2488086","False","Yes"
"Zubeen Garg","2025-09-19","Indian singer-songwriter and actor (''Tumi Mor Matho Mor'', ''Mon Jaai'', ''Rodor Sithi'')","2304127","False","Yes"
"Katharine, Duchess of Kent","2025-09-04","British royal","1447744","False","Yes"
"Graham Greene","2025-09-01","Canadian actor (''Dances With Wolves'', ''Die Hard with a Vengeance'', ''The Green Mile'') and recording artist","1438260","False","Yes"
"Giorgio Armani","2025-09-04","Italian fashion designer","1433664","False","Yes"
"Assata Shakur","2025-09-25","American political activist and fugitive (Black Liberation Army)","1010261","False","Yes"
"Yu Menglong","2025-09-11","Chinese actor (''Go Princess Go'', ''Eternal Love'', ''The Legend of the White Snake'')","932204","False","Yes"
"Claudia Cardinale","2025-09-23","Italian actress (''Once Upon a Time in the West'', ''The Leopard'', ''8½'')","538182","False","Yes"
"Brett James","2025-09-18","American country singer and songwriter (""Jesus, Take the Wheel"")","501241","False","Yes"
"Diane Keaton","2025-10-11","American actress (''Annie Hall'', ''The Godfather'', ''Something's Gotta Give'')","9291165","False","Yes"
"Dame Jane Goodall","2025-10-01","English zoologist and primatologist","3165216","False","Yes"
"D'Angelo","2025-10-14","American singer-songwriter (""Lady"", ""Brown Sugar"", ""Untitled (How Does It Feel)"")","2150738","False","Yes"
"Ace Frehley","2025-10-16","American Hall of Fame guitarist (Kiss) and songwriter (""Cold Gin"", ""Rocket Ride"")","2024576","False","Yes"
"Daniel Naroditsky","2025-10-19","American chess grandmaster","1679994","False","Yes"
"Satish Shah","2025-10-25","Indian actor (''Jaane Bhi Do Yaaro'', ''Sarabhai vs Sarabhai'', ''Om Shanti Om'') and comedian","1042099","False","Yes"
"Sam Rivers","2025-10-18","American bassist (Limp Bizkit)","932846","False","Yes"
"Nick Mangold","2025-10-25","American football player (New York Jets)","869705","False","Yes"
"Dame Patricia Routledge","2025-10-03","English actress (''Keeping Up Appearances'', ''Hetty Wainthropp Investigates'', ''Darling of the Day'') and singer","856517","False","Yes"
"Pankaj Dheer","2025-10-15","Indian actor (''Mahabharat'', ''Chandrakanta'', ''The Great Maratha'')","726585","False","Yes"
"June Lockhart","2025-10-23","American actress (''Lost in Space'', ''Lassie'', ''Petticoat Junction'')","706676","False","Yes"
"Asrani","2025-10-20","Indian actor (''Sholay'', ''Khatta Meetha'') and director (''Dil Hi To Hai'')","669642","False","Yes"
"Arthur Jones","2025-10-03","American football player (Baltimore Ravens, Indianapolis Colts, Washington Redskins)","581989","False","Yes"
"Doug Martin","2025-10-18","American football player (Tampa Bay Buccaneers, Oakland Raiders)","565038","False","Yes"
"Prunella Scales","2025-10-27","English actress (''Fawlty Towers'', ''A Question of Attribution'', ''Howards End'')","535238","False","Yes"
"Dharmendra","2025-11-24","Indian actor (''Ayee Milan Ki Bela'', ''Mera Gaon Mera Desh'', ''Life in a... Metro'') and politician","2434519","False","Yes"
"Dick Cheney","2025-11-03","American politician","2313061","False","Yes"
"Marshawn Kneeland","2025-11-06","American football player (Western Michigan Broncos, Dallas Cowboys)","1751181","False","Yes"
"Diane Ladd","2025-11-03","American actress (''Alice Doesn't Live Here Anymore'', ''Wild at Heart'', ''Rambling Rose'')","1171493","False","Yes"
"Cleto Escobedo III","2025-11-11","American musician (Cleto and the Cletones) and bandleader (''Jimmy Kimmel Live!'')","725586","False","Yes"
"Sir Tom Stoppard","2025-11-29","Czech-born British playwright (''Rosencrantz and Guildenstern Are Dead'') and screenwriter (''Shakespeare in Love'', ''Empire of the Sun'')","715229","False","Yes"
"Mani","2025-11-20","English rock bassist (The Stone Roses, Primal Scream)","677784","False","Yes"
"Pauline Collins","2025-11-05","British actress (''Shirley Valentine'', ''Upstairs, Downstairs'', ''City of Joy'')","673750","False","Yes"
"Udo Kier","2025-11-23","German actor (''Flesh for Frankenstein'', ''My Own Private Idaho'', ''Blade'')","543158","False","Yes"
"James Watson","2025-11-06","American molecular biologist (nucleic acid double helix)","504971","False","Yes"
"Rob Reiner","2025-12-14","American actor (''All in the Family'') and film director (''This Is Spinal Tap'', ''When Harry Met Sally...'')","12699297","False","Yes"
"Brigitte Bardot","2025-12-28","French actress (''And God Created Woman'', ''Contempt'', ''La Vérité'') and animal rights activist","2691958","False","Yes"
"James Ransone","2025-12-19","American actor (''The Wire'', ''It Chapter Two'', ''The Black Phone'')","2216092","False","Yes"
"Greg Biffle","2025-12-18","American racing driver (NASCAR, ARCA Menards Series West)","1550300","False","Yes"
"Chris Rea","2025-12-22","English singer-songwriter (""Fool (If You Think It's Over)"", ""Driving Home for Christmas"", ""The Road to Hell"")","1272489","False","Yes"
"Peter Greene","2025-12-12","American actor (''Pulp Fiction'', ''The Mask'', ''Clean, Shaven'')","1237352","False","Yes"
"Vince Zampella","2025-12-21","American video game developer (''Call of Duty'', ''Titanfall'', ''Star Wars Jedi: Fallen Order'')","1079073","False","Yes"
"Tatiana Schlossberg","2025-12-30","American journalist (''The New York Times'')","953338","False","Yes"
"Anthony Geary","2025-12-14","American actor (''General Hospital'', ''UHF'', ''Teacher's Pet'')","820047","False","Yes"
"Sophie Kinsella","2025-12-10","English novelist (''Shopaholic'', ''Can You Keep a Secret?'', ''The Undomestic Goddess'')","560504","False","Yes"
"Cary-Hiroyuki Tagawa","2025-12-04","American actor (''Licence to Kill'', ''Mortal Kombat'', ''The Man in the High Castle'')","500572","False","Yes"
